<?xml version="1.0" encoding="UTF-8" standalone="yes"?>
<addon id="script.module.shazamscrapers" name="[COLOR=darkorange]Shazam Scrapers[/COLOR]" version="0.0.2" provider-name="Patriot">
    <requires>
        <import addon="xbmc.python" version="3.0.0" />
        <import addon="script.module.beautifulsoup4" />
        <import addon="script.module.requests" />
        <import addon="script.module.six" />
        <import addon="script.module.kodi-six" />
        <import addon="script.module.simplejson" />
    </requires>
    <extension point="xbmc.python.module" library="lib" />
    <extension point="xbmc.python.pluginsource" library="lib/default.py">
        <provides>executable</provides>
    </extension>
        <extension point="xbmc.addon.metadata">
            <platform>all</platform>
            <summary lang="en">Shazam Scrapers Module</summary>
            <description>Shazam Scrapers Module Scrape common video host for URL's to be playable simplifying addon development of video plugins requiring multi video hosts.</description>
                <disclaimer lang="en"></disclaimer>
    <platform>all</platform>
    <license>GNU GENERAL PUBLIC LICENSE. Version 3, 29 June 2007</license>
    <assets>
        <icon>icon.png</icon>
        <fanart>fanart.jpg</fanart>
    </assets>
    <news></news>
    </extension>
</addon>
