<?xml version="1.0" encoding="UTF-8" standalone="yes"?>
<addon id="plugin.video.shazam" name="[COLOR=darkorange][B]Shazam[/B][/COLOR]" provider-name="Patriot" version="0.0.6">
    <requires>
        <import addon="xbmc.python" version="3.0.0" />
        <import addon="script.shazam.artwork" />
        <import addon="script.module.resolveurl" />
        <import addon="script.module.requests" />
        <import addon="script.module.shazamscrapers" />
        <import addon="script.module.six" />
        <import addon="script.module.kodi-six" />
        <import addon="script.module.simplejson" />
		<import addon="script.module.metahandler" optional="true" />
		<import addon="plugin.video.youtube" optional="true" />
    </requires>
    <extension library="shazam.py" point="xbmc.python.pluginsource">
        <provides>video</provides>
    </extension>
    <extension library="service.py" point="xbmc.service" start="startup" />
    <extension point="xbmc.addon.metadata">
        <reuselanguageinvoker>false</reuselanguageinvoker>
        <summary lang="en_GB">[COLOR=darkorange]Shazam Kodi 19+ (Wizard: And say my name so my powers may flow through you. I open my heart to you, Billy Batson. And in so doing, choose you as champion.)[/COLOR]</summary>
        <description lang="en_GB"></description>
        <platform>all</platform>
        <license>GNU GENERAL PUBLIC LICENSE. Version 3, 29 June 2007</license>
        <forum />
        <website />
        <source />
        <disclaimer lang="en_GB">The author of this add-on does not host any of the content which is found and has no affiliation with any of the content providers. This add-on simply searches websites for content. Use at your own risk!</disclaimer>
        <assets>
            <icon>icon.png</icon>
            <fanart>fanart.jpg</fanart>
        </assets>
        <news>
        See Changelog in the Tools menu
        </news>
    </extension>
</addon>
