{

  "32024":"https://mylostsoulspace.co.uk/images/asg/fanart.jpg",
  "32025":"https://mylostsoulspace.co.uk/images/asg/fanart.jpg",
  "32026":"https://mylostsoulspace.co.uk/images/asg/fanart.jpg",
  "32027":"https://mylostsoulspace.co.uk/images/asg/fanart.jpg",
  "32020":"https://mylostsoulspace.co.uk/images/asg/fanart.jpg",
  "32021":"https://mylostsoulspace.co.uk/images/asg/fanart.jpg",
  "32022":"https://mylostsoulspace.co.uk/images/asg/fanart.jpg",
  "32028":"https://mylostsoulspace.co.uk/images/asg/fanart.jpg",
  "32029":"https://mylostsoulspace.co.uk/images/asg/fanart.jpg",
  "32030":"https://mylostsoulspace.co.uk/images/asg/fanart.jpg",
  "32031":"https://mylostsoulspace.co.uk/images/asg/fanart.jpg",
  "32032":"https://mylostsoulspace.co.uk/images/asg/fanart.jpg",
  "32033":"https://mylostsoulspace.co.uk/images/asg/fanart.jpg",
  "32034":"https://mylostsoulspace.co.uk/images/asg/fanart.jpg",
  "32309":"https://mylostsoulspace.co.uk/images/asg/fanart.jpg",
  "32295":"https://mylostsoulspace.co.uk/images/asg/fanart.jpg",
  "32036":"https://mylostsoulspace.co.uk/images/asg/fanart.jpg",
  "32037":"https://mylostsoulspace.co.uk/images/asg/fanart.jpg",
  "32038":"https://mylostsoulspace.co.uk/images/asg/fanart.jpg",
  "32039":"https://mylostsoulspace.co.uk/images/asg/fanart.jpg",
  "32040":"https://mylostsoulspace.co.uk/images/asg/fanart.jpg",
  "32041":"https://mylostsoulspace.co.uk/images/asg/fanart.jpg",
  "32042":"https://mylostsoulspace.co.uk/images/asg/fanart.jpg",
  "32043":"https://mylostsoulspace.co.uk/images/asg/fanart.jpg",
  "32044":"https://mylostsoulspace.co.uk/images/asg/fanart.jpg",
  "32045":"https://mylostsoulspace.co.uk/images/asg/fanart.jpg",
  "32046":"https://mylostsoulspace.co.uk/images/asg/fanart.jpg",
  "32047":"https://mylostsoulspace.co.uk/images/asg/fanart.jpg",
  "32023":"https://mylostsoulspace.co.uk/images/asg/fanart.jpg",
  "32012":"https://mylostsoulspace.co.uk/images/asg/fanart.jpg",
  "32013":"https://mylostsoulspace.co.uk/images/asg/fanart.jpg",
  "32014":"https://mylostsoulspace.co.uk/images/asg/fanart.jpg",
  "32015":"https://mylostsoulspace.co.uk/images/asg/fanart.jpg",
  "32016":"https://mylostsoulspace.co.uk/images/asg/fanart.jpg",
  "32017":"https://mylostsoulspace.co.uk/images/asg/fanart.jpg",
  "32018":"https://mylostsoulspace.co.uk/images/asg/fanart.jpg",
  "32019":"https://mylostsoulspace.co.uk/images/asg/fanart.jpg",
  "32313":"https://mylostsoulspace.co.uk/images/asg/fanart.jpg"
 
  

}