<?xml version="1.0" encoding="UTF-8" standalone="yes"?>
<addon id="plugin.program.deezkodi" name="deezkodi" version="1.0" provider-name="lilbigbird">
    <extension point="xbmc.addon.repository" name="Deez Kodi">
        <dir>
            <info compressed="false">https://raw.githubusercontent.com/lilbigbird/deezkodi/master/repo/zips/addons.xml</info>
            <checksum>https://raw.githubusercontent.com/lilbigbird/deezkodi/master/repo/zips/addons.xml.md5</checksum>
            <datadir zip="true">https://raw.githubusercontent.com/lilbigbird/deezkodi/master/repo/zips/</datadir>
        </dir>
    </extension>
    <extension point="xbmc.addon.metadata">
        <summary>deezkodi</summary>
        <description>Private Collection of Addons</description>
        <disclaimer></disclaimer>
        <platform>all</platform>
        <assets>
            <icon>icon.png</icon>
            <fanart>fanart.jpg</fanart>
        </assets>
    </extension>
</addon>
